{
	"results": [
		{
			"name": "Luke Skywalker",
			"height": "172",
			"mass": "77",
			"gender": "male"
		},
		{
			"name": "C-3PO",
			"height": "167",
			"mass": "75",
			"gender": "n/a"
		},
		{
			"name": "R2-D2",
			"height": "96",
			"mass": "32",
			"gender": "n/a"
		},
		{
			"name": "Darth Vader",
			"height": "202",
			"mass": "136",
			"gender": "male"
		},
		{
			"name": "Leia Organa",
			"height": "150",
			"mass": "49",
			"gender": "female"
		},
		{
			"name": "Owen Lars",
			"height": "178",
			"mass": "120",
			"gender": "male"
		},
		{
			"name": "Beru Whitesun lars",
			"height": "165",
			"mass": "75",
			"gender": "female"
		},
		{
			"name": "R5-D4",
			"height": "97",
			"mass": "32",
			"gender": "n/a"
		},
		{
			"name": "Biggs Darklighter",
			"height": "183",
			"mass": "84",
			"gender": "male"
		},
		{
			"name": "Obi-Wan Kenobi",
			"height": "182",
			"mass": "77",
			"gender": "male"
		}
	]
}